"","player_name","player_height_inches","player_weight","mp","raptor_offense","raptor_defense","raptor_total","POS","AGE","TM","G","GS","MP","FG","FGA","FG_pct","FG3","FGA3","FG3_pct","FG2","FGA2","FT","FTA","FT_pct","ORB","DRB","TRB","AST","STL","BLK","TOV","Fouls","PTS"
"1","Aaron Gordon",80,235,2428,0.467081669562564,-0.456370925933087,0.0107107436294762,"PF",26,"DEN",75,75,2376,6.6,12.6,0.52,1.3,3.9,0.335,5.3,0.605,2.6,3.5,0.743,1.9,4.8,6.7,2.8,0.7,0.7,2,2.2,17.1
"2","Aaron Wiggins",76,190,1209,-1.81458479820945,-1.62058052910572,-3.43516532731517,"SG",23,"OKC",50,35,1209,4.6,10,0.463,1.3,4.1,0.304,3.4,0.573,1.8,2.5,0.729,1.5,3.8,5.3,2,0.9,0.3,1.6,2.8,12.4
"3","Admiral Schofield",77,241,469,-3.17750243247832,-0.958183184706559,-4.13568561718488,"SF",24,"ORL",38,1,469,4.1,9.9,0.419,2,6.1,0.329,2.1,0.56,0.9,1.2,0.8,1.3,5.5,6.8,1.9,0.3,0.4,1.6,4.5,11.2
"4","Aleksej Pokusevski",84,190,1233,-2.89556425044952,-0.130990137383006,-3.02655438783253,"PF",20,"OKC",61,12,1233,5.4,13.3,0.408,1.7,5.8,0.289,3.8,0.498,1,1.5,0.7,2.1,7.2,9.3,3.8,1.1,1.1,2.7,2.6,13.5
"5","Alex Len",84,250,620,-4.09395357580904,-1.32155001314157,-5.41550358895062,"C",28,"SAC",39,10,620,5.5,10.2,0.534,0.3,1.2,0.286,5.1,0.568,2.4,3.7,0.651,3,6.3,9.3,2.6,0.8,1.5,2.5,5.8,13.6
"6","Alfonzo McKinnie",79,215,206,-3.42859158132813,-8.07601249550692,-11.5046040768351,"SF",29,"CHI",17,3,206,4.2,10.7,0.393,1.6,4.7,0.333,2.6,0.441,0.3,1.4,0.25,2.3,3.5,5.8,0.9,0.3,0.5,1.2,4.5,10.3
"7","Alize Johnson",80,212,167,-2.67541248002304,-6.38213522991174,-9.05754770993478,"PF",25,"TOT",23,0,167,3.7,8.4,0.436,0,0.9,0,3.7,0.486,1.5,2.6,0.583,6,7.1,13.1,1.9,1.1,0,2.6,3.9,8.8
"8","Andre Iguodala",78,215,616,-0.404504793930042,5.24764828061054,4.8431434866805,"SF",38,"GSW",31,0,603,2.7,7.2,0.38,1,4.4,0.23,1.7,0.617,0.9,1.2,0.75,1.3,4.7,6,6.8,1.6,1.3,1.7,2,7.4
"9","Andrew Wiggins",79,197,2389,-0.215346058004749,1.81578397905629,1.60043792105154,"SF",26,"GSW",73,73,2329,7.3,15.8,0.466,2.4,6.2,0.393,4.9,0.513,2.3,3.6,0.634,1.3,3.7,5,2.5,1.2,0.8,1.7,2.4,19.4
"10","Anthony Gill",79,230,463,0.41952389846168,-0.758417510039157,-0.338893611577477,"PF",29,"WAS",44,0,463,4.8,8.5,0.569,1.1,2,0.538,3.7,0.578,3.3,4,0.808,2.6,4,6.6,2.1,0.4,0.9,1.4,4.5,14
"11","Anthony Lamb",78,227,8,-6.8658288495079,4.21303400394733,-2.65279484556057,"SF",24,"SAS",2,0,8,0,9,0,0,9,0,0,NA,0,0,NA,0,4.5,4.5,9,0,0,0,0,0
"12","Arnoldas Kulboka",82,209,5,-12.9849576804083,-28.7685085899307,-41.753466270339,"SF",24,"CHO",2,0,5,0,7.2,0,0,7.2,0,0,NA,0,0,NA,0,0,0,0,0,0,0,7.2,0
"13","Bam Adebayo",81,255,1853,-0.334639522837876,4.20033371369012,3.86569419085225,"C",24,"MIA",56,56,1825,8,14.4,0.557,0,0.1,0,8,0.562,5,6.7,0.753,2.7,8.4,11.1,3.7,1.6,0.9,2.9,3.4,21.1
"14","Ben McLemore",75,195,1285,-1.62433248764401,-3.31078843188563,-4.93512091952964,"SG",28,"POR",64,6,1285,6.1,15.1,0.401,4.2,11.7,0.362,1.8,0.533,2,2.5,0.818,0.3,2.5,2.9,1.7,1.1,0.3,1.5,2.9,18.4
"15","Bobby Portis",82,250,2051,0.773725606362625,1.00140186626638,1.775127472629,"C",26,"MIL",72,59,2028,7.4,15.5,0.479,2.4,6,0.393,5,0.533,1.5,2,0.752,3.2,8.5,11.7,1.5,0.9,0.9,1.6,3.1,18.7
"16","Bones Hyland",74,169,1344,2.39078021969653,-1.34977929417033,1.0410009255262,"PG",21,"DEN",69,4,1310,6.3,15.7,0.403,3.6,9.8,0.366,2.7,0.465,2.9,3.4,0.856,0.4,4.8,5.2,5.2,1.1,0.5,2.4,4.2,19.2
"17","Brad Wanamaker",75,210,320,-3.32264671499726,-2.38227359760506,-5.70492031260232,"PG",32,"TOT",23,2,320,3.2,8.7,0.364,0.5,1.9,0.235,2.7,0.4,2.6,2.8,0.92,0.7,3.7,4.4,6.2,0.8,0.7,2.6,5.1,9.3
"18","Bradley Beal",76,207,1439,1.08443544355524,0.712008097137407,1.79644354069264,"SG",28,"WAS",40,40,1439,8.7,19.3,0.451,1.6,5.3,0.3,7.1,0.508,4.2,5.1,0.833,1,3.8,4.7,6.6,0.9,0.4,3.4,2.4,23.2
"19","Brandon Goodwin",72,180,502,-1.69619836905963,-0.0612893105204922,-1.75748767958012,"PG",26,"CLE",36,5,502,4.6,11,0.416,1.4,3.9,0.345,3.2,0.455,1.7,2.7,0.632,1,3.8,4.8,6.5,1.8,0.1,2.6,2.8,12.3
"20","Brandon Ingram",80,190,1908,1.18376851117256,-1.35372024053185,-0.169951729359292,"SF",24,"NOP",55,55,1869,8.7,18.9,0.461,1.4,4.4,0.327,7.3,0.501,5.1,6.2,0.826,0.7,5.5,6.2,5.9,0.7,0.5,2.9,2.3,24
"21","Brandon Knight",74,182,65,-1.58547521542188,-0.239452768262588,-1.82492798368447,"PG",30,"DAL",5,0,65,5.5,13.8,0.4,2.2,9.4,0.235,3.3,0.75,4.4,4.4,1,0,4.4,4.4,4.4,0.6,0,2.2,2.8,17.7
"22","Brandon Williams",74,190,640,-2.82956406647378,-1.82201061130139,-4.65157467777517,"PG",22,"POR",24,16,640,5.9,15.9,0.372,1.7,6,0.292,4.2,0.42,3.8,5.5,0.701,1.1,3.1,4.2,5.3,1.4,0.6,3.3,2.9,17.4
"23","Braxton Key",80,225,197,-2.83196469627894,5.38822085790503,2.5562561616261,"SF",24,"TOT",11,0,197,6,13.2,0.458,1.1,3.8,0.286,4.9,0.529,1.3,2.4,0.538,2.4,6.8,9.1,2,1.8,2,2,4.8,14.4
"24","Brodric Thomas",77,185,60,0.740595127946028,-3.59854952530739,-2.85795439736136,"SG",25,"BOS",12,0,60,4.8,10.8,0.444,1.2,5.4,0.222,3.6,0.667,1.8,3,0.6,1.2,4.8,6,6.6,0.6,0.6,3.6,4.2,12.6
"25","Brook Lopez",84,282,330,-2.05607586695048,3.92052715789827,1.86445129094779,"C",33,"MIL",13,11,298,7.4,15.8,0.466,2.3,6.4,0.358,5.1,0.538,2.4,2.8,0.87,2.3,4.1,6.4,0.7,1,1.8,1.4,4.1,19.4
"26","CJ McCollum",75,190,2188,3.29801951480315,-0.930594105121981,2.36742540968117,"SG",30,"TOT",62,62,2145,9,19.5,0.46,3.1,7.9,0.388,5.9,0.509,1.9,2.9,0.682,0.9,3.6,4.5,5.3,1.2,0.4,2.1,2,23
"27","Caleb Martin",77,205,1377,0.0047459833632966,2.37417349540712,2.37891947877042,"SF",26,"MIA",60,12,1372,5.5,10.8,0.507,1.7,4.1,0.413,3.8,0.565,1.9,2.4,0.763,1.8,4.2,6,1.7,1.5,0.8,1.4,2.7,14.5
"28","Cam Thomas",75,210,1176,-1.73209653510429,-2.58482594418142,-4.31692247928572,"SG",20,"BRK",67,2,1176,6.7,15.4,0.433,1.4,5.3,0.27,5.2,0.52,2.7,3.2,0.829,0.5,4.4,4.9,2.4,1,0.2,1.7,2,17.4
"29","Cameron Johnson",80,210,1753,0.948990295892678,2.0577800771121,3.00677037300478,"PF",25,"PHO",66,16,1730,5.8,12.6,0.46,3.5,8.1,0.425,2.4,0.523,2,2.4,0.86,0.9,4.8,5.7,2.1,1.2,0.3,1,2.4,17.1
"30","Cameron McGriff",79,220,46,6.20020845083239,-3.80410990542683,2.39609854540556,"SF",24,"POR",3,0,46,3.9,11,0.357,1.6,4.7,0.333,2.3,0.375,1.6,1.6,1,4.7,7,11.7,2.3,0,0.8,0,5.5,11
"31","Cameron Oliver",80,239,43,2.21520091599831,-4.76872323081656,-2.55352231481826,"SF",25,"ATL",2,0,43,8.4,12.6,0.667,0.8,2.5,0.333,7.5,0.75,1.7,2.5,0.667,1.7,3.3,5,2.5,0.8,0.8,0,4.2,19.3
"32","Cameron Payne",73,183,1295,-0.0730952319937627,0.939316030179919,0.866220798186157,"PG",27,"PHO",58,12,1278,6.8,16.5,0.409,2,5.9,0.336,4.8,0.449,2.1,2.5,0.843,0.7,4.3,4.9,7.9,1.1,0.5,2.9,3.4,17.6
"33","Caris LeVert",78,205,1781,0.978473696965108,-1.84933794438009,-0.870864247414982,"SG",27,"TOT",58,49,1781,7.7,17.3,0.444,1.7,5.2,0.32,6,0.497,3,3.9,0.756,0.9,3.5,4.3,5,1,0.5,2.2,2.6,19.9
"34","Carlik Jones",72,174,23,-13.1526948066814,4.69647094773291,-8.45622385894852,"PG",24,"TOT",5,0,23,1.6,14.1,0.111,0,1.6,0,1.6,0.125,3.1,3.1,1,1.6,3.1,4.7,7.8,1.6,0,4.7,0,6.3
"35","Carmelo Anthony",79,238,1793,0.11041727246612,-1.8657219583161,-1.75530468584998,"PF",37,"LAL",69,3,1793,6.4,14.5,0.441,3,8,0.375,3.4,0.521,2.7,3.2,0.83,1.2,4.5,5.8,1.4,0.9,1,1.2,3.3,18.5
"36","Cassius Winston",73,185,39,-2.7367149283905,-3.68742513059777,-6.42414005898827,"PG",23,"WAS",7,0,39,3.7,10.2,0.364,1.8,5.5,0.333,1.8,0.4,3.7,3.7,1,0,0.9,0.9,6.5,0,0,2.8,8.3,12.9
"37","Cat Barber",73,173,13,-12.2932343561816,1.71046653363899,-10.5827678225426,"PG",27,"ATL",3,0,13,0,11.1,0,0,0,NA,0,0,0,11.1,0,2.8,5.5,8.3,8.3,0,0,2.8,2.8,0
"38","Cedi Osman",79,230,1462,-0.660389208310416,-1.28356262300992,-1.94395183132034,"SF",26,"CLE",66,3,1462,6.1,14.1,0.432,3.2,8.8,0.357,2.9,0.559,2.1,3.2,0.664,0.6,3,3.6,3.3,1.3,0.2,1.6,3.1,17.5
"39","Chandler Hutchison",78,210,22,-8.694770433874,-7.76595726730681,-16.4607277011808,"SF",25,"PHO",6,0,22,1.6,3.3,0.5,0,0,NA,1.6,0.5,3.3,3.3,1,0,8.2,8.2,3.3,0,0,6.5,1.6,6.5
"40","Charles Bassey",81,230,168,-2.46864382258793,2.65023054267887,0.181586720090936,"PF",21,"PHI",23,0,168,6.4,10.1,0.638,0,0.9,0,6.4,0.698,1.9,2.6,0.75,4.7,8.6,13.3,1.5,1.1,3.6,1.7,6.9,14.8
"41","Chris Paul",72,175,2174,4.41839990984512,-0.317061819940851,4.10133808990427,"PG",36,"PHO",65,65,2139,6.1,12.4,0.493,1.1,3.3,0.317,5,0.559,2.8,3.4,0.837,0.4,4.4,4.8,11.8,2,0.3,2.6,2.3,16.1
"42","Christian Wood",81,214,2094,-0.778040110509276,-1.32740202851952,-2.1054421390288,"C",26,"HOU",68,67,2094,7.6,15.1,0.501,2.3,5.8,0.39,5.3,0.57,3.6,5.7,0.623,1.9,9.9,11.8,2.7,0.9,1.1,2.2,2.9,20.9
"43","Chuma Okeke",78,229,1749,-3.58231377185255,0.927948713366547,-2.654365058486,"PF",23,"ORL",70,20,1749,4.4,11.8,0.376,2.4,7.6,0.318,2,0.48,1.1,1.3,0.846,1,6.2,7.1,2.4,2,0.9,1.2,2,12.5
"44","Coby White",76,195,1698,0.637648979566151,-2.34790817422938,-1.71025919466323,"PG",21,"CHI",61,17,1675,6,13.8,0.433,2.9,7.6,0.385,3.1,0.491,1.7,2,0.857,0.4,3.5,3.9,3.8,0.6,0.2,1.5,2.9,16.6
"45","Cody Martin",78,205,1866,0.317367244028911,1.03677366998743,1.35414091401634,"SF",26,"CHO",71,11,1866,3.9,8.2,0.482,1.2,3.1,0.384,2.8,0.542,1.4,2.1,0.701,1.6,3.9,5.5,3.5,1.7,0.6,1.2,2.2,10.5
"46","Cody Zeller",83,240,355,-0.255822282716726,-3.29863664701953,-3.55445892973626,"C",29,"POR",27,0,355,5.2,9.1,0.567,0,0.4,0,5.2,0.593,3.9,5,0.776,5.1,7.6,12.7,2.2,0.8,0.6,1.9,5.7,14.2
"47","Cole Anthony",75,185,2059,-0.0514484874086768,-1.84733991651875,-1.89878840392742,"PG",21,"ORL",65,65,2059,6.2,15.9,0.391,2.3,6.8,0.338,3.9,0.432,3.8,4.4,0.854,0.6,5.5,6.1,6.5,0.8,0.3,3,3,18.6
"48","Collin Sexton",73,190,316,-2.88333470834168,-0.316563490172052,-3.19989819851374,"SG",23,"CLE",11,11,316,7.7,17.2,0.45,1.3,5.1,0.244,6.5,0.538,3.3,4.4,0.744,1.5,2.6,4.1,2.6,1.1,0,3.5,2.8,20.1
"49","Corey Kispert",78,224,1801,0.0451617193188177,-2.09879931791848,-2.05363759859967,"SF",22,"WAS",77,36,1801,4.7,10.3,0.455,2.2,6.4,0.35,2.4,0.629,1.1,1.2,0.871,1.1,3.1,4.2,1.7,0.7,0.4,1,1.9,12.7
"50","Cory Joseph",75,200,1600,-0.384883988788836,0.0416535520826753,-0.34323043670616,"PG",30,"DET",65,39,1600,4,9,0.445,1.5,3.5,0.414,2.5,0.465,2.3,2.5,0.885,0.7,3.3,3.9,5.3,0.9,0.4,1.9,3.3,11.7
"51","D.J. Augustin",71,183,883,-1.53222410014479,-5.75604766182543,-7.28827176197022,"PG",34,"TOT",55,2,883,3.8,9.1,0.423,2.8,6.7,0.415,1.1,0.448,1.5,1.8,0.884,0.4,2.3,2.8,4.4,0.7,0,2.3,1.6,12
"52","D.J. Wilson",82,231,54,1.36016824696613,-0.532312239342516,0.82785600762361,"PF",25,"TOR",4,1,54,7.3,10,0.733,0,1.3,0,7.3,0.846,5.3,6.7,0.8,0.7,10,10.7,3.3,3.3,0.7,1.3,4,20
"53","DaQuan Jeffries",77,222,9,-1.5885502555622,1.96548610513152,0.376935849569326,"SG",24,"MEM",3,0,9,4,8,0.5,0,4,0,4,1,0,0,NA,0,8,8,4,0,0,0,4,8
"54","Dakota Mathias",76,200,16,-5.40805406849662,-3.33838361074036,-8.74643767923697,"SG",26,"MEM",6,0,16,4.5,13.5,0.333,4.5,13.5,0.333,0,NA,0,0,NA,0,4.5,4.5,2.3,2.3,0,0,2.3,13.5
"55","Dalano Banton",79,204,699,-2.9393286921628,0.223889484944549,-2.71543920721825,"SF",22,"TOR",64,1,696,4.3,10.4,0.411,0.7,2.6,0.255,3.6,0.464,1.3,2.3,0.591,2,4.4,6.4,5.1,1.4,0.5,2.7,3.5,10.6
"56","Damian Jones",83,245,1017,-0.983801756486044,-1.34688713910141,-2.33068889558746,"C",26,"SAC",56,15,1017,6.2,9.4,0.658,0.4,1,0.345,5.8,0.696,3.3,4.6,0.718,2.7,6.1,8.7,2.4,0.9,1.7,2.1,4.6,16.1
"57","Damian Lillard",74,195,1056,4.25676904397129,-1.525217987788,2.73155105618329,"PG",31,"POR",29,29,1056,7.6,18.8,0.402,3.1,9.7,0.324,4.4,0.485,5.4,6.2,0.878,0.4,3.6,4.1,7.2,0.6,0.4,2.8,1.3,23.7
"58","Damion Lee",77,210,1264,-2.18330534582906,-0.212378021350967,-2.39568336718003,"SG",29,"GSW",63,5,1256,4.8,11,0.441,1.8,5.4,0.337,3,0.541,1.9,2.1,0.88,0.8,5,5.8,1.8,1.1,0.2,1.1,2.7,13.4
"59","Daniel Gafford",81,234,1444,0.386095753318333,-0.628429150726461,-0.242333397408128,"C",23,"WAS",72,53,1444,7.1,10.2,0.693,0,0,0,7.1,0.695,2.7,3.8,0.699,3.9,6.3,10.1,1.7,0.7,2.5,1.6,4.2,16.9
"60","Daniel Oturu",80,240,27,-3.72732801610519,-5.52385896035166,-9.25118697645686,"C",22,"TOR",3,0,27,4,8,0.5,0,1.3,0,4,0.6,4,6.7,0.6,1.3,5.3,6.7,0,0,2.7,0,1.3,12
"61","Daniel Theis",81,245,997,-3.58708450174436,0.154300349306096,-3.43278415243826,"C",29,"TOT",47,27,977,5.6,10.7,0.519,1.2,3.9,0.308,4.3,0.641,1.8,2.7,0.681,2.2,6.2,8.4,1.5,0.7,1.1,1.7,4.1,14.1
"62","Danilo Gallinari",82,236,1701,1.19098742652453,-2.03631003460659,-0.845322608082061,"PF",33,"ATL",66,18,1672,5.6,12.9,0.434,2.4,6.3,0.381,3.2,0.485,3,3.4,0.904,0.8,5.9,6.6,2.2,0.6,0.3,0.8,2,16.6
"63","Darius Bazley",80,208,1924,-3.648333876702,-0.748259932034863,-4.39659380873687,"PF",21,"OKC",69,53,1924,5.1,12.1,0.422,1.5,5,0.297,3.6,0.511,2.2,3.2,0.688,1.3,6.8,8.2,1.8,1.1,1.3,1.7,1.3,13.9
"64","Darius Garland",73,192,2430,4.79885477814603,-0.201863990305623,4.59699078784041,"PG",22,"CLE",68,68,2430,8,17.4,0.462,2.6,6.7,0.383,5.5,0.512,3.2,3.6,0.892,0.6,2.7,3.3,8.6,1.3,0.1,3.7,1.7,21.8
"65","David Johnson",76,203,2,-4.60901366698718,11.2161121298588,6.6070984628716,"SG",20,"TOR",2,0,2,0,18,0,0,18,0,0,NA,0,0,NA,0,0,0,0,0,0,0,0,0
"66","DeAndre Jordan",83,265,622,-3.88340998885256,-1.66747811862567,-5.55088810747824,"C",33,"TOT",48,20,622,5.3,8.3,0.643,0,0,NA,5.3,0.643,1.3,2.3,0.55,4.8,10.5,15.3,1.2,0.7,2,2.1,4.1,11.9
"67","DeJon Jarreau",77,185,1,9.31896659164658,6.25947704683509,15.5784436384817,"SG",24,"IND",1,0,1,0,0,NA,0,0,NA,0,NA,0,0,NA,0,0,0,0,0,0,0,0,0
"68","Dean Wade",81,228,980,-1.1485951531164,1.71472712952006,0.56613197640365,"PF",25,"CLE",51,28,980,3.6,8,0.456,1.9,5.2,0.359,1.8,0.64,0.7,1.1,0.667,1.1,4.4,5.5,1.9,1.1,0.3,0.6,3.2,9.9
"69","Deandre Ayton",83,250,1747,-0.641570740191522,1.24462156030843,0.603050820116906,"C",23,"PHO",58,58,1713,9.3,14.6,0.634,0.1,0.4,0.368,9.1,0.642,2.2,3,0.746,3.1,9.3,12.5,1.8,0.8,0.8,1.9,3,21
"70","Delon Wright",77,185,1473,-0.809675659077655,2.64647364390453,1.83679798482688,"SG",29,"ATL",77,8,1452,3,6.7,0.454,1.1,2.9,0.379,1.9,0.51,1.3,1.6,0.857,1.2,4.2,5.5,4.7,2.3,0.5,1.1,1.4,8.5
"71","Deni Avdija",81,210,1984,-0.945957956863636,1.98349596961039,1.03753801274676,"SF",21,"WAS",82,8,1984,4.5,10.5,0.432,1.5,4.7,0.317,3,0.525,1.9,2.5,0.757,0.9,6.8,7.7,3,1.1,0.8,1.6,3.4,12.4
"72","Denzel Valentine",76,220,222,-2.59401465539349,0.547796208034189,-2.0462184473593,"SG",28,"TOT",24,0,222,4.1,10.7,0.379,3.1,7.6,0.404,1,0.316,0,0,NA,1.5,5.4,6.8,1.8,1.3,0,1.9,3.2,11.2
"73","Derrick Jones Jr.",78,210,909,-0.291700175733224,0.638334624158507,0.346634448425284,"PF",24,"CHI",51,8,899,4.2,7.8,0.538,0.8,2.4,0.328,3.4,0.634,2.2,2.8,0.8,2.4,4.4,6.8,1.2,1,1.3,1.2,4.2,11.5
"74","Derrick White",76,190,2227,0.826929498961808,3.0272457871378,3.8541752860996,"SG",27,"TOT",75,52,2199,5.5,13.1,0.421,1.9,6,0.312,3.6,0.515,3.3,3.8,0.864,0.6,3.7,4.3,6,1,0.9,1.9,2.8,16.2
"75","Desmond Bane",77,215,2299,2.71749187441256,0.64845420581565,3.36594608022821,"SF",23,"MEM",76,76,2266,8.1,17.5,0.461,3.6,8.3,0.436,4.4,0.484,2.2,2.5,0.903,0.7,4.6,5.3,3.3,1.5,0.5,1.8,3.1,22
"76","Devin Vassell",77,200,1937,-0.245548677956419,-0.518333137679454,-0.763881815635873,"SF",21,"SAS",71,32,1937,6.1,14.2,0.427,2.5,7.1,0.361,3.5,0.492,1.5,1.8,0.838,0.8,4.9,5.7,2.5,1.4,0.8,1.1,2.7,16.2
"77","Didi Louzada",77,188,129,-7.03583874120093,-2.8883047443802,-9.92414348558113,"SG-SF",22,"TOT",9,1,129,3.3,9.2,0.364,2.5,6.4,0.391,0.8,0.3,0.6,0.6,1,1.4,3.3,4.7,1.4,0.6,0.6,1.4,3.6,9.8
"78","Domantas Sabonis",83,240,2136,1.37571939344365,2.18432869171344,3.56004808515709,"C-PF",25,"TOT",62,61,2136,7.5,13,0.573,0.7,2.1,0.312,6.8,0.623,4.1,5.6,0.741,3.4,9.3,12.7,5.4,1,0.5,3.3,3.4,19.7
"79","Doug McDermott",79,225,1223,-0.108773903228198,-4.49807387707217,-4.60684778030036,"PF",30,"SAS",51,51,1223,6.3,13.7,0.462,3.2,7.5,0.422,3.1,0.512,1.2,1.5,0.784,0.5,2.9,3.4,1.9,0.4,0.2,1.3,2.3,17
"80","Duane Washington Jr.",75,197,968,-0.985375533247294,-1.82437879626357,-2.80975432951086,"PG",21,"IND",48,7,968,6.4,15.9,0.405,3,8,0.377,3.4,0.434,1.7,2.3,0.754,0.1,2.9,3.1,3.2,1,0.1,2.1,2.5,17.6
"81","Dwight Powell",82,240,1836,0.155413733077318,-0.652880149995176,-0.497466416917858,"C",30,"DAL",82,71,1798,5.4,8,0.671,0.3,0.7,0.351,5.1,0.703,3.3,4.2,0.783,3.5,4.6,8.1,1.9,0.7,0.8,1.3,4.4,14.4
"82","Dylan Windler",78,196,459,-1.8931532053466,1.3644713863511,-0.528681818995507,"SF",25,"CLE",50,0,459,2.9,7.7,0.378,1.6,5.5,0.3,1.3,0.571,1.2,1.4,0.833,1.6,5.3,7,2.7,1.1,0.2,1.3,3.7,8.6
"83","Elfrid Payton",75,195,549,-5.75813432579558,0.645242687549442,-5.11289163824614,"PG",27,"PHO",50,1,549,4.4,11.5,0.383,0.3,1.2,0.222,4.1,0.401,0.8,2.1,0.375,1.4,4.4,5.8,6.5,1.6,0.4,3.1,2.5,9.8
"84","Emanuel Terry",81,220,18,-16.530924237539,6.7284924706289,-9.80243176691013,"PF",25,"PHO",3,0,18,0,10,0,0,0,NA,0,0,0,0,NA,16,14,30,4,2,0,10,8,0
"85","Enes Freedom",82,250,411,-0.950816917281368,2.35274456722682,1.40192764994546,"C",29,"BOS",35,1,411,4.5,8.5,0.526,0.2,0.4,0.4,4.3,0.533,2.1,2.5,0.857,5.3,8.7,14,0.7,0.4,1.2,1.8,3.7,11.2
"86","Eric Gordon",75,215,1669,0.067890633398182,-2.61721852735242,-2.54932789395424,"SG",33,"HOU",57,46,1669,5.8,12.2,0.475,2.7,6.5,0.412,3.1,0.548,2.3,2.9,0.778,0.3,2.1,2.4,3.3,0.6,0.4,2.3,1.4,16.5
"87","Eric Paschall",78,255,736,0.205097765091564,-2.87865466774829,-2.67355690265672,"PF",25,"UTA",58,3,736,5.6,11.5,0.485,2,5.3,0.37,3.6,0.583,3.2,4.2,0.767,1.5,3.7,5.2,1.8,0.4,0.2,1.3,2.5,16.3
"88","Eugene Omoruyi",78,235,18,-0.785352081183748,-4.63791124729304,-5.42326332847679,"SF",24,"DAL",4,0,18,4,10,0.4,2,4,0.5,2,0.333,4,8,0.5,4,10,14,4,0,0,0,4,14
"89","Frank Jackson",75,205,1164,-1.52492266938991,-2.42225068011967,-3.94717334950958,"PG",23,"DET",53,7,1164,6,14.9,0.402,2.7,8.6,0.308,3.3,0.529,2.7,3.2,0.827,0.6,2.1,2.7,1.7,0.8,0.3,1.2,2.8,17.3
"90","Frank Kaminsky",84,240,181,-2.29575478281096,8.94963495720463,6.65388017439367,"C",28,"PHO",9,0,181,7.2,13.1,0.545,1,3,0.333,6.2,0.608,3.6,4,0.9,2.2,6,8.2,2.6,1.6,1.4,1,2.8,18.9
"91","Franz Wagner",82,220,2429,0.489727102188182,0.748096314190761,1.23782341637894,"SF",20,"ORL",79,79,2429,6.8,14.5,0.468,1.4,4,0.354,5.3,0.511,2.8,3.2,0.863,1.2,4,5.3,3.4,1,0.5,1.8,2.4,17.7
"92","Fred VanVleet",73,197,2542,3.47614274293481,1.54896542357652,5.02510816651133,"PG",27,"TOR",65,65,2462,6.5,16,0.403,3.5,9.4,0.377,2.9,0.44,2.8,3.2,0.874,0.6,3.6,4.2,6.3,1.6,0.5,2.5,2.4,19.3
"93","Freddie Gillespie",81,245,119,-6.34354636708232,3.11319831181267,-3.23034805526965,"PF",24,"ORL",9,2,119,2.7,6.7,0.409,0,0.3,0,2.7,0.429,0.9,2.1,0.429,3.9,7,10.9,1.5,0.9,2.7,1.5,5.4,6.4
"94","Furkan Korkmaz",79,202,1417,-1.12282037672778,-0.889267498480181,-2.01208787520796,"SG",24,"PHI",67,19,1414,4.6,12,0.387,2,6.8,0.289,2.7,0.515,1.7,2.1,0.81,0.6,3.9,4.5,3.2,0.8,0.2,1.2,1.5,13
"95","Gabe Vincent",75,200,1614,-0.743224823565686,0.997739559732259,0.254514736166574,"PG",25,"MIA",68,27,1589,4.8,11.6,0.417,2.7,7.3,0.368,2.2,0.5,1,1.2,0.815,0.5,2.4,2.9,4.8,1.4,0.3,2.2,3.6,13.4
"96","Gabe York",75,190,21,0.818456600019845,2.44974579176203,3.26820239178187,"SG",28,"IND",2,0,21,3.4,12,0.286,1.7,10.3,0.167,1.7,1,5.1,8.6,0.6,0,3.4,3.4,6.9,3.4,1.7,1.7,6.9,13.7
"97","Gabriel Lundberg",76,203,44,0.56048890049991,1.08118906667174,1.64167796717165,"SG",27,"PHO",4,0,44,4.1,15.5,0.263,2.5,6.5,0.375,1.6,0.182,0,0,NA,1.6,4.1,5.7,9,2.5,0,2.5,5.7,10.6
"98","Garrett Temple",77,195,1098,-2.98990944671474,-0.410226617543482,-3.40013606425822,"SG",35,"NOP",59,16,1098,3.6,9.7,0.376,1.9,6.1,0.319,1.7,0.473,0.9,1.3,0.683,1,3.7,4.7,2.4,1.4,0.8,1.4,2.7,10.1
"99","Garrison Mathews",77,215,1712,1.09675030681662,1.91855633531729,3.01530664213391,"SG",25,"HOU",65,33,1712,3.9,9.7,0.399,2.9,8.1,0.36,0.9,0.6,3,3.8,0.794,0.7,3.3,4,1.3,1.2,0.5,0.9,3.5,13.7
"100","Gary Payton II",75,195,1285,0.950140882766176,4.267913286659,5.21805416942517,"PG",29,"GSW",71,16,1247,6.1,9.9,0.616,1.2,3.5,0.358,4.9,0.754,1,1.7,0.603,2.1,5.1,7.1,1.8,2.8,0.6,1.2,3.8,14.5
"101","Gary Trent Jr.",77,209,2484,1.3868538657175,-0.872217626866771,0.514636238850727,"SG",23,"TOR",70,69,2448,6.6,16,0.414,3.1,8,0.383,3.5,0.445,2.6,3,0.853,0.4,2.4,2.8,2.1,1.8,0.3,1.1,2.1,18.9
"102","George King",78,220,19,-14.271454785148,-6.93583018194799,-21.207284967096,"SF",28,"DAL",4,0,19,0,9.5,0,0,7.6,0,0,0,1.9,3.8,0.5,0,9.5,9.5,0,0,0,1.9,7.6,1.9
"103","Georgios Kalaitzakis",79,192,214,-6.11999188549633,-6.95116048182344,-13.0711523673198,"SF",23,"TOT",13,4,214,5.2,11.3,0.463,1.7,4.4,0.385,3.5,0.512,2.4,5,0.467,1,2.5,3.5,2,1.9,0.3,3.4,3.2,14.5
"104","Giannis Antetokounmpo",83,242,2238,5.71854940838008,2.25395399061023,7.9725033989903,"PF",27,"MIL",67,67,2204,11.3,20.3,0.553,1.2,4,0.293,10.1,0.616,9,12.5,0.722,2.2,10.5,12.7,6.3,1.2,1.5,3.6,3.5,32.7
"105","Grant Williams",78,236,1896,-1.17376343814356,-0.0307309049677681,-1.20449434311132,"PF",23,"BOS",77,21,1875,3.9,8.3,0.475,2,5,0.411,1.9,0.569,1.7,1.8,0.905,1.2,4,5.3,1.5,0.7,1.1,1.2,3.6,11.6
"106","Grayson Allen",76,198,1823,0.322844452004092,-0.087488784738775,0.235355667265317,"SG",26,"MIL",66,61,1805,5.1,11.3,0.448,3.2,7.8,0.409,1.9,0.533,1.3,1.5,0.865,0.6,3.8,4.4,2,0.9,0.4,0.9,1.9,14.6
"107","Harrison Barnes",80,225,2587,1.22956368955627,-1.6649851402548,-0.435421450698526,"PF",29,"SAC",77,77,2587,5.4,11.6,0.469,2,5,0.394,3.5,0.525,4.7,5.7,0.826,1.1,4.9,6,2.6,0.7,0.2,1.6,1.3,17.6
"108","Hassan Whiteside",84,265,1185,1.12988725197756,2.3594276333169,3.48931488529446,"C",32,"UTA",65,8,1162,6.7,10.2,0.652,0,0,NA,6.7,0.652,3.2,5.2,0.623,5.1,10.2,15.3,0.8,0.7,3.2,1.6,5.5,16.5
"109","Herbert Jones",79,206,2366,-1.15976960204618,2.5795051180756,1.41973551602941,"PF",23,"NOP",78,69,2335,4.2,8.9,0.476,0.9,2.6,0.337,3.3,0.533,2.1,2.5,0.84,1.5,3.1,4.6,2.6,2,0.9,1.5,3.7,11.4
"110","Immanuel Quickley",75,190,1802,2.33943106464245,1.76137502984587,4.10080609448832,"PG",22,"NYK",78,3,1802,5.7,14.5,0.392,2.7,7.9,0.346,2.9,0.448,3.5,4,0.881,0.6,4.3,4.9,5.5,1.1,0.1,2,3.3,17.6
"111","Isaac Okoro",77,225,1981,-1.10867984758253,0.225398404304867,-0.88328144327766,"SF",21,"CLE",67,61,1981,3.8,7.8,0.48,1,2.9,0.35,2.8,0.555,2.2,2.8,0.768,1.3,2.3,3.7,2.2,1,0.4,1.1,3,10.7
"112","Isaiah Jackson",82,205,541,-1.30000879186447,0.518464079020307,-0.78154471284416,"PF",20,"IND",36,15,541,7.7,13.7,0.563,0.3,1.1,0.313,7.4,0.584,4,5.9,0.682,4,5.9,9.9,0.7,1.7,3.5,2.7,6.1,19.8
"113","Isaiah Joe",76,165,611,-1.33938816011609,0.787664120217683,-0.551724039898411,"SG",22,"PHI",55,1,609,3.7,10.5,0.35,2.7,8,0.333,1,0.405,1.7,1.8,0.935,0.4,3,3.3,2.1,0.8,0.2,1.1,2.8,11.7
"114","Isaiah Livers",78,232,383,-0.580037310506915,-1.51027110257226,-2.09030841307917,"SF",23,"DET",19,5,383,3.9,8.5,0.456,2.5,6,0.422,1.3,0.538,1.1,1.3,0.857,1.4,3.9,5.4,2,1.2,0.7,1.4,3.5,11.4
"115","Isaiah Thomas",69,185,333,-0.327217106485528,-1.74242206002465,-2.06963916651018,"PG",32,"TOT",22,1,333,7.2,18.1,0.401,3,9,0.337,4.2,0.464,2.4,2.8,0.846,0.4,2.7,3.1,3.7,0.8,0.5,1.6,3.7,19.9
"116","Isaiah Todd",81,219,74,-8.91130330634781,-0.227056141138161,-9.13835944748597,"PF",20,"WAS",12,0,74,3.4,12.6,0.269,1.9,7.8,0.25,1.5,0.3,1,2.9,0.333,1.5,4.4,5.8,1.9,1.9,1,1.9,1.9,9.7
"117","Ish Wainright",77,250,359,-2.42483499734177,1.26342879763869,-1.16140619970308,"PF",27,"PHO",45,0,359,4.1,10.4,0.394,1.9,5.9,0.322,2.2,0.489,0.7,1.2,0.583,2.7,2.7,5.4,1.5,2,0.6,1.3,4.9,10.8
"118","Ivica Zubac",84,240,1852,-0.675567111572121,0.888322389658822,0.212755278086701,"C",24,"LAC",76,76,1852,6,9.6,0.626,0,0,NA,6,0.626,3.2,4.4,0.727,4.2,8.3,12.5,2.3,0.7,1.5,2.2,3.9,15.3
"119","JT Thor",81,203,262,-3.16557257431446,-1.26293959181694,-4.4285121661314,"PF",19,"CHO",33,0,262,3.3,7.6,0.436,1,3.7,0.259,2.3,0.607,1.6,2.7,0.6,1.5,4.4,5.9,2.6,1.1,1.5,1.4,3.6,9.2
"120","JaQuori McLaughlin",76,190,11,-2.70156074302739,-5.77686838510295,-8.47842912813034,"PG",24,"DAL",4,0,11,0,6.5,0,0,3.3,0,0,0,0,0,NA,0,0,0,6.5,0,0,0,3.3,0
"121","JaVale McGee",84,270,1186,-0.309008084244901,2.15274427485028,1.84373619060538,"C",34,"PHO",74,17,1172,8.8,14.1,0.629,0.1,0.3,0.222,8.8,0.637,3.1,4.5,0.699,5,10.2,15.2,1.3,0.7,2.5,3,5.6,20.9
"122","Jabari Parker",79,245,112,-3.12225533938643,-2.95064652650339,-6.07290186588982,"PF",26,"BOS",12,0,112,5.8,12.2,0.474,2.6,5.1,0.5,3.2,0.455,2.9,2.9,1,1.6,7.4,9,1.9,1.3,0.3,2.6,4.2,17
"123","Jaden McDaniels",81,185,1828,-2.52753848967595,1.94539708458866,-0.582141405087284,"PF",21,"MIN",70,31,1803,5.1,11.1,0.46,1.6,5,0.317,3.5,0.579,1.1,1.4,0.803,1.5,4.3,5.9,1.6,1,1.1,1.5,4.5,12.9
"124","Jake Layman",80,209,231,-3.66765447806496,0.144183185896704,-3.52347129216825,"SF",27,"MIN",34,1,231,4.7,11.4,0.411,1.2,5.5,0.229,3.4,0.579,2,2.8,0.722,0.9,4.7,5.6,1.4,1.1,0.8,1.6,1.9,12.6
"125","Jakob Poeltl",85,245,1970,1.655734250395,2.4174384875464,4.0731727379414,"C",26,"SAS",68,67,1970,7.5,12.1,0.618,0,0,1,7.5,0.618,1.7,3.5,0.495,4.8,6.8,11.6,3.5,0.8,2.2,2,3.9,16.7
"126","Jalen Johnson",80,219,125,-7.00554330135622,-1.32459230070655,-8.33013560206276,"PF",20,"ATL",22,0,120,6.6,12.3,0.537,0.9,3.9,0.231,5.7,0.679,1.5,2.1,0.714,0.6,7.2,7.8,0.9,0.9,0.6,2.7,2.7,15.6
"127","Jalen McDaniels",81,205,895,-1.03808538363392,0.454543119766117,-0.583542263867808,"SF",24,"CHO",55,2,895,4.9,10.2,0.484,1.6,4.3,0.38,3.3,0.562,2.1,2.9,0.736,1.5,5.3,6.8,2.3,1,0.9,1.4,3.7,13.7
"128","James Johnson",79,240,1191,-1.85876213998424,-0.686439640456541,-2.54520178044078,"PF",34,"BRK",62,10,1191,4.4,9.3,0.469,0.7,2.6,0.271,3.7,0.545,0.9,1.7,0.527,1.5,5,6.5,3.9,0.9,1,1.5,4.9,10.3
"129","Jamorko Pickett",81,206,176,-3.81458824627448,-3.54438502948629,-7.35897327576077,"PF",24,"DET",13,0,176,3.7,10.2,0.36,2.7,8,0.333,1,0.455,0.2,0.4,0.5,1.2,5.3,6.5,1.4,0,1.4,1,2.5,10.2
"130","Jaren Jackson Jr.",83,242,2150,-0.480549140677139,1.99390266926176,1.51335352858463,"PF",22,"MEM",78,78,2126,7.3,17.5,0.415,2.2,6.8,0.319,5.1,0.476,4.8,5.8,0.823,2,5.7,7.7,1.5,1.2,3,2.2,4.6,21.5
"131","Jarred Vanderbilt",81,214,1899,0.0752203306106777,1.85944249088848,1.93466282149916,"PF",22,"MIN",74,67,1880,4.1,6.9,0.587,0,0.3,0.143,4,0.605,1.6,2.5,0.656,4.1,7.8,11.9,1.8,1.9,0.9,1.4,3.5,9.8
"132","Jarrett Allen",82,243,1809,0.195469427125993,4.12514089162896,4.32061031875495,"C",23,"CLE",56,56,1809,7.3,10.8,0.677,0,0.2,0.1,7.3,0.688,3.3,4.6,0.708,3.8,8.2,12,1.8,0.9,1.5,1.9,1.9,18
"133","Jay Scrubb",77,220,121,-4.66971214655102,0.247478880295806,-4.42223326625522,"SG",21,"LAC",18,0,121,5.4,13.7,0.391,1.8,6.2,0.286,3.6,0.48,2.1,3,0.7,0.6,4.2,4.8,2.4,1.2,0.9,2.1,2.7,14.6
"134","Jaysean Paige",74,200,7,-28.855360563309,-6.41743446979863,-35.2727950331076,"PG",27,"DET",1,0,7,0,15.4,0,0,10.3,0,0,0,0,0,NA,0,5.1,5.1,5.1,0,0,5.1,10.3,0
"135","Jayson Tatum",80,210,2776,4.89208943779836,1.86000191718901,6.75209135498737,"SF",23,"BOS",76,76,2731,9.3,20.6,0.453,3,8.6,0.353,6.3,0.524,5.3,6.2,0.853,1.1,6.9,8,4.4,1,0.6,2.9,2.3,27
"136","Jemerrio Jones",77,175,15,-0.552818089365885,-9.9630438026137,-10.5158618919796,"SF",26,"LAL",2,0,15,4.8,7.2,0.667,0,0,NA,4.8,0.667,0,0,NA,4.8,2.4,7.2,0,2.4,0,0,4.8,9.6
"137","Jeremy Lamb",77,180,935,0.767551364020982,-0.802987081069071,-0.035435717048089,"SF-SG",29,"TOT",56,0,935,5.1,13.4,0.383,2.1,6.5,0.324,3,0.441,3.4,4.1,0.84,1,4.9,5.9,3.1,1.2,0.8,1.4,2.3,15.8
"138","Jock Landale",83,255,589,-0.621985015502183,-1.82984685784635,-2.45183187334854,"C",26,"SAS",54,1,589,6.2,12.5,0.495,1.8,5.4,0.326,4.4,0.626,2.1,2.5,0.829,3.9,4.6,8.4,2.8,0.6,0.9,1.9,3.2,16.2
"139","Joe Ingles",80,220,1122,-0.249625043197505,-1.12386266712647,-1.37348771032397,"SF",34,"UTA",45,15,1122,3.7,9.1,0.404,2.5,7.2,0.347,1.2,0.617,0.5,0.7,0.773,0.4,3.8,4.2,5.1,0.7,0.2,1.5,2.6,10.4
"140","Joe Johnson",79,240,2,4.43825982134999,-17.6784852284414,-13.2402254070914,"SG",40,"BOS",1,0,2,18,18,1,0,0,NA,18,1,0,0,NA,0,0,0,0,0,0,0,0,36
"141","Joe Wieskamp",78,205,205,-2.49112529531019,-2.53280329765312,-5.0239285929633,"SG",22,"SAS",29,0,205,3.5,9.8,0.357,2.5,7.6,0.326,1.1,0.462,1.2,2.3,0.538,0.7,1.8,2.5,1.6,0.7,0.5,0.4,2.5,10.7
"142","Joel Ayayi",76,180,20,-7.77882169478479,4.09515821485434,-3.68366347993045,"SG",21,"WAS",7,0,20,1.8,10.8,0.167,0,1.8,0,1.8,0.2,0,0,NA,1.8,3.6,5.4,7.2,0,0,0,0,3.6
"143","John Konchar",77,210,1292,0.510943219808844,0.646391666816429,1.15733488662527,"SG",25,"MEM",72,7,1292,3.8,7.3,0.515,1.4,3.5,0.413,2.3,0.61,0.8,1.4,0.551,2.4,6.7,9.2,3,1.3,0.6,0.8,2.5,9.7
"144","Jon Teske",85,265,8,-13.3389841722942,-5.52111408061435,-18.8600982529086,"C",24,"MEM",3,0,8,0,4.5,0,0,0,NA,0,0,0,9,0,0,9,9,4.5,4.5,0,0,4.5,0
"145","Jonathan Kuminga",79,225,1193,-2.29303672518039,-1.42381936986684,-3.71685609504723,"SF",19,"GSW",70,12,1185,7.2,14,0.513,1.5,4.5,0.336,5.7,0.598,3.9,5.8,0.684,1.6,5.5,7.1,1.9,0.9,0.7,2.2,4.4,19.8
"146","Jordan Bell",79,216,2,28.6935339522067,-34.9013839826396,-6.20785003043288,"C",27,"CHI",1,0,2,0,0,NA,0,0,NA,0,NA,0,0,NA,18,0,18,0,18,0,0,36,0
"147","Jordan Goodwin",75,200,6,-34.864764135129,-5.97819649643442,-40.8429606315634,"SG",23,"WAS",2,0,6,0,18,0,0,6,0,0,0,0,0,NA,0,6,6,0,0,0,0,6,0
"148","Jordan McLaughlin",71,185,911,0.12285901399039,-0.0547529709190526,0.0681060430713373,"PG",25,"MIN",62,3,902,3.5,8,0.44,1.1,3.4,0.318,2.4,0.53,1.2,1.6,0.75,0.9,2.9,3.8,7.2,2.3,0.4,1.5,2.2,9.3
"149","Jordan Poole",76,194,2347,2.15188780775579,-0.822768645474823,1.32911916228097,"SG",22,"GSW",76,51,2283,7.5,16.7,0.448,3.3,9.1,0.364,4.1,0.55,3.9,4.2,0.925,0.5,3.6,4.1,4.8,0.9,0.4,2.9,3.2,22.2
"150","Jordan Schakel",78,200,30,-9.71897047050126,8.71916705074188,-0.999803419759374,"SG",23,"WAS",4,0,30,1.2,13.2,0.091,1.2,7.2,0.167,0,0,2.4,2.4,1,2.4,7.2,9.6,0,1.2,0,1.2,0,6
"151","Jose Alvarado",72,179,848,0.701833434517239,4.74493004795222,5.44676348246946,"PG",23,"NOP",54,1,834,5.7,12.7,0.446,1.4,4.7,0.291,4.3,0.538,1.6,2.3,0.679,1.1,3.2,4.3,6.6,3.1,0.3,1.7,3.2,14.2
"152","Josh Giddey",80,205,1700,-1.83681650860672,0.543031297096554,-1.29378521151016,"SG",19,"OKC",54,54,1700,6,14.2,0.419,1.2,4.5,0.263,4.8,0.492,1.2,1.7,0.709,2.1,6.8,8.9,7.3,1.1,0.4,3.6,1.9,14.3
"153","Josh Jackson",80,207,830,-2.34523940927524,-0.556850344536789,-2.90208975381202,"SF",24,"TOT",51,3,830,5.2,13,0.4,1.4,5.6,0.254,3.8,0.512,2.4,3.3,0.714,0.9,5.2,6.1,2.3,1.1,1,2,3.8,14.2
"154","Josh Okogie",76,213,516,-4.0462018511534,6.07304172334458,2.02683987219118,"SG",23,"MIN",49,6,516,2.9,7.3,0.404,1,3.3,0.298,2,0.491,2.4,3.6,0.686,2,2.9,4.9,1.7,1.8,0.8,1.6,3.7,9.3
"155","Joshua Primo",76,189,965,-3.6942487395431,-0.615927811919131,-4.31017655146223,"SG",19,"SAS",50,16,965,3.8,10.1,0.374,1.6,5.1,0.307,2.2,0.444,1.6,2.2,0.746,1.2,3,4.2,3,0.7,0.9,2.1,2.9,10.7
"156","Juan Toscano-Anderson",78,209,1002,-1.6897023346572,0.611725485579958,-1.07797684907724,"SF",28,"GSW",73,6,994,4.2,8.5,0.489,1,3.2,0.322,3.2,0.588,1.4,2.5,0.571,1,5.4,6.4,4.6,1.7,0.6,2.5,4.2,10.8
"157","Justin Anderson",77,231,316,-0.159103762722606,-4.90634367855119,-5.0654474412738,"SF",28,"TOT",16,6,316,4.1,10.8,0.379,1.7,6.7,0.254,2.4,0.583,1.7,2.2,0.789,0.5,4.8,5.2,3.8,0.9,0.7,0.9,2.5,11.6
"158","Justin Jackson",80,220,37,-5.274834004258,0.801728612518316,-4.47310539173969,"SF",26,"TOT",7,0,37,4.9,14.6,0.333,2.9,8.8,0.333,1.9,0.333,1.9,1.9,1,1,5.8,6.8,1.9,0,0,1,2.9,14.6
"159","Justise Winslow",78,222,774,-1.27649470116329,1.86086652948389,0.584371828320603,"SF",25,"TOT",48,11,774,5.1,12,0.428,0.7,3.1,0.227,4.4,0.497,1.8,3.1,0.591,2.3,7.1,9.4,3.9,1.6,1.2,2.3,3.1,12.7
"160","KZ Okpala",80,215,244,-2.8167075251365,-3.40128952045781,-6.21799704559431,"PF",22,"MIA",21,0,244,4.4,10.2,0.435,1.3,3.8,0.346,3.1,0.488,1.2,1.6,0.727,1.6,4.4,6,2.1,0.6,1,0.7,3.7,11.4
"161","Kai Jones",82,221,63,-7.67262885701207,-4.78943233835029,-12.4620611953624,"C",21,"CHO",21,0,63,5.1,8,0.643,0.6,1.1,0.5,4.6,0.667,1.7,4.6,0.375,1.7,4.6,6.3,2.3,0.6,1.1,3.4,4.6,12.6
"162","Karl-Anthony Towns",83,248,2519,3.49824534990515,-1.12450291483204,2.3737424350731,"C",26,"MIN",74,74,2476,9.3,17.7,0.529,2.2,5.3,0.41,7.2,0.58,5.6,6.8,0.822,2.8,7.7,10.6,3.9,1,1.2,3.3,3.9,26.4
"163","Keita Bates-Diop",80,229,956,-2.58070051455,1.0026952285937,-1.57800528595631,"SF",26,"SAS",59,14,956,5.1,9.9,0.517,0.6,2.1,0.309,4.5,0.572,1.7,2.3,0.754,2.3,6.4,8.7,1.5,1,0.5,1.7,2.3,12.6
"164","Kelan Martin",77,230,450,-2.65668834161235,-0.339347891823569,-2.99603623343592,"SF",26,"TOT",30,1,450,5.6,13.7,0.409,1.8,6,0.293,3.8,0.5,0.7,1,0.692,1.4,3,4.4,1.7,1,0.7,1.1,2.9,13.7
"165","Keldon Johnson",78,220,2392,1.32374599772419,-0.408331489449493,0.915414508274696,"SF",22,"SAS",75,74,2392,7.1,15.2,0.466,2.4,6,0.398,4.7,0.51,2.7,3.5,0.756,1.2,5.7,6.9,2.4,0.9,0.2,1.4,2.2,19.2
"166","Kelly Olynyk",83,240,764,0.55865819812506,1.36493718998882,1.92359538811388,"C",30,"DET",40,1,764,6,13.5,0.448,1.9,5.6,0.336,4.1,0.527,3.3,4.2,0.775,2.5,5.8,8.3,5.2,1.5,0.9,2.7,4.7,17.2
"167","Kelly Oubre Jr.",78,203,1999,0.258026366667871,-1.11428889922607,-0.856262532558203,"SF",26,"CHO",76,13,1999,7.4,16.8,0.44,3.4,10,0.345,3.9,0.578,2.3,3.4,0.667,1.4,4,5.4,1.5,1.4,0.6,1.2,3.4,20.5
"168","Kemba Walker",72,184,948,-0.305030159962516,0.013752893985981,-0.291277265976535,"PG",31,"NYK",37,37,948,5.7,14.1,0.403,2.8,7.6,0.367,2.9,0.444,2.3,2.7,0.845,0.5,3.7,4.2,5,1,0.3,1.8,1.4,16.4
"169","Kenrich Williams",78,210,1072,-1.18623622982953,3.83291792670275,2.64668169687323,"SF",27,"OKC",49,0,1072,4.9,10.6,0.461,1.4,4.1,0.339,3.5,0.536,1,1.8,0.545,2.5,4.9,7.4,3.6,1.5,0.3,1.5,2.7,12.2
"170","Kent Bazemore",76,195,545,-3.63102570883889,3.70050430621234,0.0694785973734415,"SF",32,"LAL",39,14,545,3,9.2,0.324,1.9,5.3,0.363,1.1,0.271,0.9,1.1,0.765,0.9,3.7,4.6,2.2,1.7,0.6,1.4,4.6,8.7
"171","Kenyon Martin Jr.",77,215,1656,-0.22029803949106,-2.84624436195851,-3.06654240144957,"SF",21,"HOU",79,2,1656,6.1,11.4,0.533,1.3,3.7,0.357,4.8,0.617,1.7,2.7,0.634,1.7,4.7,6.5,2.2,0.7,0.9,1.3,2.5,15.1
"172","Keon Johnson",76,185,697,-5.17416310736738,-3.33271834855494,-8.50688145592233,"SG",19,"TOT",37,12,697,5,14,0.353,1.8,5.2,0.34,3.2,0.36,2.1,2.6,0.804,1.2,2.9,4.2,3.9,1.4,0.6,2.4,3.6,13.8
"173","Kevin Love",80,251,1665,1.94836973116775,0.349743856250541,2.29811358741829,"PF",33,"CLE",74,4,1665,7.1,16.5,0.43,4,10.3,0.392,3,0.493,3.6,4.3,0.838,1.9,9.7,11.6,3.5,0.6,0.4,2.1,2.2,21.8
"174","Kevin Pangos",73,179,166,-4.78252386741597,-2.11125534245009,-6.89377920986605,"PG",29,"CLE",24,3,166,3.3,10,0.326,1.3,5.6,0.231,2,0.45,0.7,0.9,0.75,0.4,2,2.4,6.5,0.7,0,1.5,2.4,8.5
"175","Kevin Porter Jr.",76,203,1907,0.21495997850359,-0.0212306752571298,0.19372930324646,"PG",21,"HOU",61,61,1907,6.3,15.3,0.415,2.9,7.8,0.375,3.4,0.456,2.3,3.6,0.642,0.8,4.2,5,7.1,1.3,0.4,3.6,2.9,17.9
"176","Kevon Looney",81,222,1756,-0.659033442530112,1.40015397382057,0.741120531290456,"C",25,"GSW",82,80,1732,4.3,7.6,0.571,0,0,0,4.3,0.573,1.6,2.6,0.6,4.3,8.1,12.4,3.4,1,1.1,1.4,4.5,10.2
"177","Killian Tillie",81,220,461,-3.40111490655,0.90638705909909,-2.49472784745091,"C",23,"MEM",36,3,461,3.4,9.9,0.339,2.1,6.7,0.314,1.2,0.39,0.4,0.6,0.625,1.6,3,4.7,1.7,1.8,1.2,1,4.5,9.2
"178","Kira Lewis Jr.",73,170,341,-3.61422428380356,-0.361071750360979,-3.97529603416454,"PG",20,"NOP",24,0,341,6.2,15.4,0.404,1.4,6.1,0.224,4.9,0.523,1.1,1.3,0.833,1,3.2,4.1,5.2,1.2,0.1,2.7,1.8,14.9
"179","Klay Thompson",78,220,1006,0.908576777228986,-1.80659720394942,-0.89802042672043,"SG",31,"GSW",32,32,941,9.4,21.9,0.429,4.4,11.3,0.385,5,0.477,1.8,2,0.902,0.6,4.2,4.8,3.4,0.6,0.7,1.6,2.1,24.9
"180","Kyle Anderson",81,230,1505,-1.51310111265447,0.973443079319712,-0.539658033334757,"PF",28,"MEM",69,11,1484,5.1,11.4,0.446,0.9,2.6,0.33,4.2,0.481,1.6,2.5,0.638,1.7,7.3,8.9,4.4,1.9,1.1,1.7,2.6,12.6
"181","Kyle Kuzma",81,221,2204,-1.76330867702618,-0.670172188716687,-2.43348086574286,"PF",26,"WAS",66,66,2204,6.9,15.3,0.452,2.1,6.1,0.341,4.8,0.526,2.5,3.6,0.712,1.1,8,9.2,3.8,0.7,0.9,2.8,2.1,18.5
"182","Kyle Lowry",72,196,2162,2.16198847276832,1.08544228105384,3.24743075382215,"PG",35,"MIA",63,63,2133,4.7,10.6,0.44,2.4,6.4,0.377,2.2,0.539,2.5,2.9,0.851,0.6,4.2,4.8,8,1.1,0.3,2.8,3,14.2
"183","Kyrie Irving",74,195,1133,5.59557417459518,-0.811885641956641,4.78368853263854,"PG",29,"BRK",29,29,1091,9.5,20.3,0.469,3.3,7.9,0.418,6.2,0.501,3.9,4.3,0.915,0.5,3.7,4.2,5.5,1.4,0.6,2.4,2.7,26.3
"184","LaMarcus Aldridge",83,250,1050,-0.224043368810279,1.94398187596363,1.71993850715335,"C",36,"BRK",47,12,1050,8.6,15.7,0.55,0.5,1.6,0.304,8.2,0.578,3.1,3.5,0.873,2.5,6.3,8.8,1.4,0.5,1.6,1.5,2.7,20.8
"185","LaMelo Ball",79,180,2422,2.70821625251817,-0.605375907312246,2.10284034520592,"PG",20,"CHO",75,75,2422,8,18.6,0.429,3.3,8.4,0.389,4.7,0.462,3.2,3.6,0.872,1.6,5.8,7.4,8.5,1.8,0.4,3.6,3.5,22.4
"186","Landry Shamet",76,190,1437,-0.642608655284713,0.159765240271562,-0.482843415013152,"SG",24,"PHO",69,14,1437,4.8,12.2,0.394,3.1,8.4,0.368,1.7,0.45,1.7,2,0.84,0.4,2.8,3.2,2.7,0.7,0.2,1,2.3,14.4
"187","Langston Galloway",73,200,107,-7.7642568236882,2.44895298190882,-5.31530384177938,"SG",30,"TOT",7,0,107,2,8.7,0.231,0.7,5.4,0.125,1.3,0.4,0,0,NA,1,5,6.1,4,0.3,0,2,2.4,4.7
"188","Lauri Markkanen",83,240,1878,1.6921031739046,-0.854289413238989,0.837813760665609,"PF",24,"CLE",61,61,1878,6,13.5,0.445,2.6,7.3,0.358,3.4,0.548,2.6,3,0.868,1.1,5.5,6.6,1.6,0.9,0.6,1,2.5,17.3
"189","LeBron James",81,250,2084,4.65330337469631,0.067199295478592,4.7205026701749,"SF",37,"LAL",56,56,2084,11.1,21.1,0.524,2.8,7.7,0.359,8.3,0.62,4.4,5.8,0.756,1.1,6.8,7.9,6,1.3,1,3.4,2.1,29.3
"190","Lindell Wigginton",73,189,199,-3.08093263385022,-3.46976087978106,-6.55069351363129,"PG",23,"MIL",19,0,199,4.7,11,0.426,1.6,4.7,0.346,3.1,0.486,3.4,6.3,0.543,0.5,4,4.5,4.2,0.9,0.2,2.2,3.1,14.5
"191","Lindy Waters III",78,215,465,0.605612523810156,0.803145868530335,1.40875839234049,"SG",24,"OKC",25,1,465,5.5,13.5,0.406,4.1,11.3,0.363,1.4,0.621,0.3,0.4,0.8,0.5,5.2,5.7,1.9,1.5,0.6,0.9,2.4,15.4
"192","Lonnie Walker IV",76,204,1612,-1.40994009610278,-1.75868973220576,-3.16862982830854,"SG",23,"SAS",70,6,1612,6.9,17.1,0.407,2.5,7.9,0.314,4.5,0.487,2.6,3.3,0.784,0.4,3.6,4,3.4,1,0.4,1.6,2.2,19
"193","Lonzo Ball",78,190,1212,0.0634403730581994,2.85572703973263,2.91916741279082,"PG",24,"CHI",35,35,1212,4.8,11.4,0.423,3.3,7.7,0.423,1.5,0.423,0.6,0.8,0.75,1,4.6,5.6,5.3,1.9,0.9,2.4,2.5,13.5
"194","Lou Williams",74,175,799,-1.40396246109122,-1.03162437298483,-2.43558683407605,"PG",35,"ATL",56,0,799,5.6,14.4,0.391,1.7,4.6,0.363,4,0.404,3,3.5,0.859,0.7,3.2,3.9,4.7,1.3,0.1,1.9,2.2,15.9
"195","Louis King",79,205,104,-1.49354113114179,-0.333665087530558,-1.82720621867235,"SF",22,"SAC",10,0,104,5.2,16.3,0.319,2.8,9.3,0.296,2.4,0.35,2.4,3.5,0.7,0,4.2,4.2,3.1,0.7,0.3,0,4.8,15.6
"196","Luka Garza",82,243,389,-0.548107223616671,-2.40163061889208,-2.94973784250875,"C",23,"DET",32,5,389,6.1,13.6,0.449,1.5,4.5,0.327,4.6,0.51,3.5,5.6,0.623,5.4,3.9,9.3,1.9,0.8,0.6,1.7,5.1,17.2
"197","Luke Kennard",77,206,1919,1.53169008061821,-0.64579923402103,0.885890846597178,"SG",25,"LAC",70,13,1919,5.4,12,0.449,3.6,7.9,0.449,1.8,0.449,1.3,1.4,0.896,0.4,3.9,4.3,2.7,0.8,0.1,1.1,1.9,15.6
"198","Luke Kornet",86,250,103,3.19475324018701,2.79425235023297,5.98900559041998,"C",26,"TOT",15,0,103,4.5,9.4,0.481,0,1.7,0,4.5,0.591,1.4,2.1,0.667,4.5,5.6,10.1,3.1,1,1,0,3.1,10.5
"199","Mac McClung",74,185,25,-4.88078573083187,-4.83513378605983,-9.7159195168917,"SG-PG",23,"TOT",2,0,25,4.3,8.6,0.5,1.4,4.3,0.333,2.9,0.667,1.4,1.4,1,0,4.3,4.3,1.4,1.4,1.4,4.3,7.2,11.5
"200","Malik Beasley",76,187,2006,0.739671359754675,-2.17352299295099,-1.43385163319631,"SG",25,"MIN",79,18,1976,6,15.5,0.391,4.4,11.6,0.377,1.7,0.432,0.9,1.1,0.817,0.5,3.7,4.1,2.1,0.8,0.2,0.8,1.6,17.4
"201","Marcus Garrett",77,205,128,-2.73219702124986,-3.93819962123466,-6.67039664248452,"SG",23,"MIA",12,0,128,1.4,5.9,0.238,0.3,1.1,0.25,1.1,0.235,0.6,1.4,0.4,2.5,3.9,6.5,2,1.4,0.8,0.6,4.5,3.7
"202","Markelle Fultz",76,209,360,0.532912363971725,1.54850788544411,2.08142024941584,"PG",23,"ORL",18,3,360,8.3,17.5,0.474,0.4,1.7,0.235,7.9,0.5,2.5,3.1,0.806,0.4,4.5,4.9,9.9,2,0.5,4,2.2,19.5
"203","Marvin Bagley III",83,235,1146,-0.897554303282265,-0.152839756340513,-1.05039405962278,"PF",22,"TOT",48,25,1146,7.1,14,0.504,0.7,3,0.237,6.3,0.579,2.1,3.2,0.663,3.3,7.3,10.6,1.1,0.7,0.6,1.2,2.9,17
"204","Mason Jones",76,200,51,1.67325276456946,-3.9906032678029,-2.31735050323344,"SG",23,"LAL",4,0,51,4.9,10.6,0.467,0.7,2.8,0.25,4.2,0.545,8.5,10.6,0.8,0.7,6.4,7.1,2.8,1.4,0,0.7,5.6,19.1
"205","Mason Plumlee",83,254,1793,-2.18436886589466,0.90266113803929,-1.28170772785537,"C",31,"CHO",73,73,1793,4.1,6.4,0.641,0,0,0,4.1,0.645,1.3,3.4,0.392,3.5,7.8,11.3,4.5,1.2,1,2,4.5,9.6
"206","Matisse Thybulle",77,201,1714,-1.99679351502863,3.98046915610868,1.98367564108005,"SG",24,"PHI",66,50,1685,3.2,6.4,0.5,1,3.1,0.313,2.2,0.673,0.7,0.9,0.791,0.9,2.3,3.2,1.6,2.5,1.5,0.8,3.4,8.1
"207","Matt Ryan",79,215,5,-7.54638628194587,3.1962208121214,-4.35016546982447,"SF",24,"BOS",1,0,5,7.2,36,0.2,7.2,36,0.2,0,NA,0,0,NA,0,0,0,0,7.2,0,0,0,21.6
"208","Matt Thomas",75,190,459,-1.04884124216835,0.299644602365284,-0.749196639803069,"SG",27,"CHI",40,0,459,4.3,10.5,0.41,2.7,7.1,0.385,1.6,0.465,1.3,1.6,0.8,0.2,3.7,3.9,1.6,0.6,0.2,0.6,1.4,12.6
"209","Maxi Kleber",82,240,1506,-2.92101387374768,2.88395971713171,-0.0370541566159638,"PF",30,"DAL",59,21,1450,3.5,8.8,0.398,2.1,6.3,0.325,1.4,0.586,1.1,1.6,0.708,1.7,7,8.7,1.7,0.7,1.4,1.2,3.4,10.2
"210","McKinley Wright IV",71,192,19,-1.40259150900017,-8.1624291911994,-9.56502070019956,"PG",23,"MIN",5,0,19,3.8,5.7,0.667,1.9,3.8,0.5,1.9,1,0,0,NA,0,0,0,5.7,0,0,1.9,1.9,9.5
"211","Micah Potter",82,248,31,-10.0205374669682,-2.30541675236088,-12.3259542193291,"C",23,"DET",3,0,31,5.8,12.8,0.455,0,2.3,0,5.8,0.556,2.3,2.3,1,4.6,5.8,10.5,0,1.2,1.2,1.2,4.6,13.9
"212","Michael Porter Jr.",82,218,265,-4.34221330881995,5.67030478089065,1.3280914720707,"SF",23,"DEN",9,9,265,5,14,0.359,1.4,6.5,0.208,3.7,0.491,0.7,1.2,0.556,1.2,6.8,8,2.3,1.4,0.3,1.6,2.2,12.1
"213","Miles McBride",73,195,372,-1.36425828763301,1.15074617132372,-0.213512116309291,"PG",21,"NYK",40,2,372,3.1,10.5,0.296,1.6,6.6,0.25,1.5,0.375,0.8,1.2,0.667,0.4,3.7,4.1,4,1.4,0.1,0.5,4.4,8.6
"214","Miye Oni",77,206,44,-4.42502227874421,-9.13480438003693,-13.5598266587811,"SG",24,"UTA",16,0,44,1.6,7.4,0.222,0.8,6.5,0.125,0.8,1,0,0.8,0,0.8,4.9,5.7,4.1,0,0,0.8,5.7,4.1
"215","Mo Bamba",84,231,1824,-2.09341209077742,0.432881772405131,-1.66053031837229,"C",23,"ORL",71,69,1824,5.8,12.2,0.48,2.1,5.5,0.381,3.7,0.563,1.1,1.4,0.781,2.9,8.4,11.3,1.7,0.7,2.3,1.5,3.6,14.9
"216","Moritz Wagner",83,245,960,0.400106989552293,-1.72358175241323,-1.32347476286093,"C",24,"ORL",63,3,960,7.4,14.9,0.497,2.5,7.5,0.328,4.9,0.672,3.9,4.8,0.806,1.6,7.1,8.7,3.3,0.7,0.5,2.1,4.6,21.2
"217","Moses Wright",80,226,14,-0.308839133737858,-2.89472957449337,-3.20356870823122,"PF",23,"TOT",4,0,14,2.6,10.3,0.25,0,2.6,0,2.6,0.333,7.7,7.7,1,2.6,5.1,7.7,5.1,0,2.6,0,0,12.9
"218","Myles Powell",74,195,52,-6.58933102396663,-3.00036414183802,-9.58969516580465,"PG",24,"PHI",11,0,52,3.5,11.8,0.294,0.7,4.2,0.167,2.8,0.364,1.4,1.4,1,0.7,3.5,4.2,2.1,0.7,0,2.1,5.5,9
"219","Myles Turner",83,250,1235,-1.15350130358043,2.37397982714416,1.22047852356372,"C",25,"IND",42,42,1235,5.8,11.5,0.509,1.8,5.3,0.333,4.1,0.662,2.3,3.1,0.752,1.9,6.8,8.7,1.3,0.8,3.4,1.6,3.5,15.7
"220","Naji Marshall",79,220,750,-1.73352082639454,0.945879330646182,-0.78764149574836,"SF",24,"NOP",55,4,735,5.3,13.2,0.405,1,5.1,0.2,4.3,0.537,3.6,4.6,0.796,1.9,5.1,7,3,1.6,0.4,2.3,3.4,15.3
"221","Nassir Little",77,220,1088,0.042911453685704,1.33791266935662,1.38082412304232,"SF",21,"POR",42,23,1088,4.8,10.4,0.46,1.7,5.1,0.331,3.1,0.584,2.3,3.1,0.734,1.9,5.9,7.8,1.8,0.8,1.2,1.3,2.7,13.6
"222","Nathan Knight",82,253,267,-0.72650711734514,1.66819643979846,0.941689322453324,"PF",24,"MIN",37,2,267,6.1,11.9,0.511,0.5,1.8,0.308,5.5,0.547,5.9,8.1,0.733,4.3,7.1,11.5,3,0.9,1.1,2.4,5.7,18.6
"223","Neemias Queta",84,248,120,-2.71563359319098,0.359954956403904,-2.35567863678707,"C",22,"SAC",14,0,120,5.1,11.4,0.447,0,0,NA,5.1,0.447,3.3,5.1,0.647,4.2,5.1,9.3,1.8,0.3,2.4,1.8,5.4,13.5
"224","Nickeil Alexander-Walker",77,205,1466,-1.89163730516744,-1.1363983884186,-3.02803569358603,"SG",23,"TOT",65,21,1466,6.2,16.7,0.372,2.6,8.3,0.311,3.6,0.433,2,2.7,0.743,0.9,3.7,4.6,3.8,1.1,0.6,2.3,2.5,17
"225","Nicolas Batum",80,230,1462,-1.54842572679376,1.61696642946438,0.068540702670618,"PF",33,"LAC",59,54,1462,4.4,9.5,0.463,2.7,6.6,0.4,1.7,0.607,0.6,0.9,0.658,0.7,5.5,6.3,2.5,1.4,1,1,2,12.1
"226","Nikola Jokic",83,284,2539,8.5909429704445,5.86847508577627,14.4594180562208,"C",26,"DEN",74,74,2476,11.1,19.1,0.583,1.4,4.2,0.337,9.7,0.652,5.5,6.8,0.81,3,11.8,14.8,8.5,1.6,0.9,4.1,2.8,29.1
"227","Norman Powell",75,215,1458,1.33590105216717,-2.72885588622367,-1.3929548340565,"SF-SG",28,"TOT",45,41,1458,6.9,14.9,0.461,2.6,6.2,0.419,4.3,0.491,4.7,5.8,0.811,0.5,3.1,3.6,2.4,1,0.5,1.7,2.6,21.1
"228","Norvel Pelle",82,231,19,-17.2251434007834,-15.721498016407,-32.9466414171904,"C",28,"UTA",3,0,19,5.7,9.5,0.6,0,0,NA,5.7,0.6,0,0,NA,5.7,5.7,11.4,0,0,1.9,3.8,1.9,11.4
"229","OG Anunoby",79,232,1799,0.478045848466567,-0.713731448573989,-0.235685600107422,"SF",24,"TOR",48,48,1728,6.4,14.5,0.443,2.4,6.6,0.363,4,0.511,1.9,2.5,0.754,1.5,4,5.5,2.6,1.5,0.5,1.7,2.7,17.1
"230","Obi Toppin",81,220,1230,-0.579600642380154,-0.543250945095277,-1.12285158747543,"PF",23,"NYK",72,10,1230,7.3,13.8,0.531,1.5,4.9,0.308,5.8,0.655,2.8,3.6,0.758,2,5.8,7.8,2.3,0.7,1,1.6,3,19
"231","Olivier Sarr",84,240,421,-3.51761860025454,-2.51657138147842,-6.03418998173296,"C",22,"OKC",22,2,421,5,8.6,0.574,1.1,2.5,0.448,3.8,0.625,2.1,2.5,0.828,2.9,5,8,1.6,0.5,1.3,1.9,4.4,13.1
"232","Omer Yurtseven",83,275,711,-2.12859847051731,0.777748674663356,-1.35084979585395,"C",23,"MIA",56,12,706,6.6,12.6,0.526,0.1,0.6,0.091,6.6,0.547,1.9,3.1,0.623,4.3,10.7,15,2.5,0.9,1,2.1,4.3,15.2
"233","Onyeka Okongwu",80,240,1013,-0.22182035048613,1.79792436737468,1.57610401688855,"C",21,"ATL",48,6,992,5.7,8.2,0.69,0,0,NA,5.7,0.69,2.9,4,0.727,4.2,6.1,10.3,1.9,1.1,2.2,1.6,5.4,14.2
"234","Otto Porter Jr.",80,198,1444,0.610500496205264,2.19318183326375,2.80368232946902,"PF",28,"GSW",63,15,1396,5,10.7,0.464,2.1,5.6,0.37,2.9,0.565,1.3,1.6,0.803,2.2,7.1,9.3,2.4,1.8,0.7,1,2.1,13.3
"235","P.J. Tucker",77,245,2005,-0.809756463985765,2.34517863180725,1.53542216782149,"PF",36,"MIA",71,70,1981,3.8,7.8,0.484,1.5,3.5,0.415,2.3,0.54,0.8,1.1,0.738,1.8,5.2,7,2.7,1.1,0.3,1.2,2.9,9.8
"236","P.J. Washington",79,230,1768,0.0614030736613671,-1.38931569728626,-1.32791262362489,"PF",23,"CHO",65,28,1768,5.1,10.8,0.47,2.2,6.1,0.365,2.9,0.606,1.2,1.6,0.716,1.7,5.2,6.9,3,1.2,1.2,1.7,3.1,13.6
"237","Paris Bass",80,200,7,3.16615592030101,-5.33826661109511,-2.17211069079411,"SF",26,"PHO",2,0,7,10.3,30.9,0.333,0,10.3,0,10.3,0.5,10.3,10.3,1,10.3,10.3,20.6,0,5.1,0,10.3,10.3,30.9
"238","Patrick Williams",79,215,445,-1.3219293604602,-1.3745601700932,-2.6964895305534,"PF",20,"CHI",17,9,422,4.6,8.7,0.529,1.3,2.5,0.517,3.3,0.534,2.6,3.5,0.732,1.5,4.4,5.9,1.3,0.8,0.8,1.4,2.4,13.1
"239","Paul George",80,220,1077,1.14331492277787,3.89572583138193,5.0390407541598,"SF",31,"LAC",31,31,1077,9,21.3,0.421,3,8.6,0.354,5.9,0.467,4.2,4.9,0.858,0.4,6.7,7.1,5.9,2.2,0.4,4.2,2.5,25.2
"240","Paul Watson",78,210,156,-5.0307645638121,-6.13512584859281,-11.1658904124049,"SF",27,"OKC",9,3,156,2.8,8.1,0.343,1.4,6,0.231,1.4,0.667,0.2,0.5,0.5,0.7,5.5,6.2,1.8,0.7,0.7,0.9,2.3,7.2
"241","Payton Pritchard",73,195,1009,1.44335633248405,-0.612938055797946,0.830418276686106,"SG",24,"BOS",71,2,1001,5.8,13.4,0.429,3.6,8.8,0.412,2.1,0.461,0.8,0.8,1,1.2,3.7,4.8,5,0.9,0.2,1.5,2.2,15.9
"242","Precious Achiuwa",80,225,1783,-2.54454163866906,2.33101000106146,-0.213531637607601,"C",22,"TOR",73,28,1725,5.5,12.6,0.439,1.2,3.3,0.359,4.4,0.468,1.6,2.7,0.595,3,6.8,9.9,1.7,0.8,0.9,1.8,3.2,13.9
"243","Quinndary Weatherspoon",75,205,73,0.218842197963234,-4.32395709777158,-4.10511489980835,"SG",25,"GSW",11,0,73,5.9,10.4,0.571,0.5,2.5,0.2,5.4,0.688,2.5,2.5,1,1,5.9,6.9,2.5,0.5,0.5,1.5,7.4,14.8
"244","RJ Barrett",78,214,2417,-0.642853744706586,-0.824248440815668,-1.46710218552226,"SF",21,"NYK",70,70,2417,7.3,17.8,0.408,2.1,6,0.342,5.2,0.442,4.3,6,0.714,1,5.1,6.1,3.1,0.6,0.2,2.2,2.1,20.9
"245","Rayjon Tucker",75,209,71,4.01262839074496,-2.27489469478498,1.73773369595998,"SG",24,"TOT",5,0,71,3,4.6,0.667,2,2.5,0.8,1,0.5,2.5,3.5,0.714,1.5,2.5,4.1,5.1,2,0,0.5,2.5,10.6
"246","Reggie Jackson",74,208,2337,-0.867576586194251,-0.0384498457251078,-0.906026431919358,"SG",31,"LAC",75,75,2337,7.4,18.8,0.392,2.6,7.9,0.326,4.8,0.439,2.1,2.5,0.847,0.6,3.6,4.2,5.5,0.8,0.2,2.7,2.4,19.5
"247","Reggie Perry",80,250,187,-4.60629231157198,-3.65292497421537,-8.25921728578735,"PF",21,"TOT",10,1,187,7.7,15.2,0.506,0.6,3.1,0.188,7.1,0.587,1.7,2.9,0.6,2.9,6.2,9,2.3,1.7,1.2,2.1,6.4,17.7
"248","Robert Woodard II",78,235,42,-4.975616894064,1.81478803487329,-3.16082885919071,"SF",22,"SAC",12,0,42,1.7,13.7,0.125,0.9,3.4,0.25,0.9,0.083,1.7,1.7,1,4.3,5.1,9.4,2.6,0.9,0.9,0.9,2.6,6
"249","Robin Lopez",84,281,612,-2.69506050241632,-2.27932506525731,-4.97438556767362,"C",33,"ORL",36,9,612,6.5,11.7,0.553,0.1,0.4,0.333,6.4,0.56,1.9,3.2,0.593,4,3.4,7.4,3.2,0.1,1.1,2.6,3.9,14.9
"250","Rodney McGruder",76,205,754,-0.227892992058185,-0.675303322790265,-0.90319631484845,"SG",30,"DET",51,2,754,4.7,10.7,0.436,2.8,7,0.397,1.9,0.506,0.9,1.2,0.731,1.5,3.8,5.3,2.3,1,0.3,1.1,2.8,13
"251","Romeo Langford",77,216,771,-2.33819017138582,0.8242818521961,-1.51390831918972,"SG",22,"TOT",48,5,771,3.9,8.9,0.435,1.4,4,0.341,2.5,0.509,1.1,2,0.548,1.4,3.6,5,1,1,0.7,0.7,2.2,10.2
"252","Rudy Gay",80,250,1038,-0.160897489632042,0.810289317524489,0.649391827892447,"PF",35,"UTA",55,1,1038,5.4,13.1,0.414,2.4,7,0.345,3,0.494,2.2,2.7,0.785,1.9,6.5,8.4,1.9,0.9,0.7,1.6,3.3,15.5
"253","Rudy Gobert",85,258,2193,-0.124571834296509,7.25868591204602,7.13411407774951,"C",29,"UTA",66,66,2120,6.1,8.6,0.713,0,0.1,0,6.1,0.718,5.1,7.5,0.69,4.1,12.3,16.4,1.2,0.8,2.3,2,3,17.4
"254","Russell Westbrook",75,200,2678,-1.15689985021813,-1.97528366756308,-3.13218351778122,"PG",33,"LAL",78,78,2678,7.4,16.6,0.444,1.1,3.6,0.298,6.3,0.485,3.6,5.4,0.667,1.5,6.3,7.8,7.4,1,0.3,4,3.2,19.4
"255","Ryan Arcidiacono",75,195,76,-4.20606076880853,5.51831724570261,1.31225647689408,"PG",27,"NYK",10,0,76,2.8,5.7,0.5,1.9,4.3,0.444,0.9,0.667,0,0,NA,0,3.8,3.8,1.9,0.5,0,1.4,2.4,7.6
"256","Saben Lee",74,183,604,-1.9993414349898,0.157445520088797,-1.841895914901,"PG",22,"DET",37,0,604,4.1,10.5,0.39,0.8,3.6,0.233,3.3,0.47,3.3,4.2,0.789,1.1,4.1,5.2,6.4,2.1,0.7,2.1,2.6,12.4
"257","Sandro Mamukelashvili",81,240,407,-1.67070253121925,-7.21314415669508,-8.88384668791434,"PF",22,"MIL",41,3,407,5,10.2,0.496,1.9,4.6,0.423,3.1,0.556,1.6,1.9,0.818,3.1,4.2,7.3,1.9,0.8,0.8,1.3,2.5,13.6
"258","Santi Aldama",83,215,360,-2.88735684575059,-1.59075390014073,-4.47811074589132,"PF",21,"MEM",32,0,360,5.3,13.2,0.402,0.6,4.8,0.125,4.7,0.56,2,3.2,0.625,3.3,5.4,8.7,2.1,0.6,1,1.6,3.6,13.2
"259","Scottie Barnes",79,225,2649,0.122316759459975,0.636852347634658,0.759169107094633,"PF",20,"TOR",74,74,2617,6.3,12.8,0.492,0.8,2.7,0.301,5.5,0.543,2.2,3,0.735,2.7,5,7.7,3.5,1.1,0.8,1.9,2.6,15.6
"260","Scottie Lewis",77,185,7,3.01428451355759,-0.350370591665048,2.66391392189254,"SG",21,"CHO",2,0,7,0,0,NA,0,0,NA,0,NA,5.1,10.3,0.5,0,0,0,5.1,5.1,0,0,0,5.1
"261","Semi Ojeleye",78,240,406,-5.44593697706174,-4.93890146674024,-10.384838443802,"PF",27,"TOT",30,0,406,2.7,8.8,0.303,1.3,4.4,0.3,1.3,0.306,2,2.6,0.793,2.4,4.2,6.6,0.8,0.6,0.5,0.8,2.7,8.7
"262","Serge Ibaka",82,235,877,-3.50826470000983,-0.790521006549041,-4.29878570655887,"C-PF",32,"TOT",54,12,877,6.1,12.2,0.5,1.5,4.1,0.374,4.6,0.563,1.3,1.8,0.727,2.5,7.7,10.3,2,0.5,1.4,1.8,4.2,15
"263","Shai Gilgeous-Alexander",78,180,1942,2.74976304582981,-0.832585763914806,1.91717728191501,"PG",23,"OKC",56,56,1942,8.8,19.5,0.453,1.6,5.5,0.3,7.2,0.514,6.1,7.5,0.81,0.7,4.5,5.2,6.1,1.3,0.9,2.9,2.6,25.4
"264","Skylar Mays",76,205,225,-1.83347246010559,-2.98265804811048,-4.81613050821607,"SG",24,"ATL",28,5,220,5.2,10.5,0.5,1.3,4.1,0.32,3.9,0.615,1.3,1.5,0.889,0.8,3.3,4.1,2.8,1.1,0,1.6,1.5,13.1
"265","Stanley Johnson",78,242,1094,-0.656527453344292,0.199035485331643,-0.457491968012648,"PF",25,"LAL",48,27,1094,3.9,8.3,0.466,1.1,3.5,0.314,2.8,0.575,1.7,2.4,0.716,1.1,4,5.1,2.6,1.4,0.5,1.2,3.6,10.5
"266","Steven Adams",83,265,2023,1.63849589135118,0.353656057189623,1.9921519485408,"C",28,"MEM",76,75,1999,3.8,6.9,0.547,0,0,0,3.8,0.548,1.9,3.6,0.543,6.3,7.4,13.7,4.6,1.2,1.1,2.1,2.8,9.5
"267","T.J. McConnell",73,190,652,-0.383645745484908,0.922251730238024,0.538605984753115,"PG",29,"IND",27,8,652,5.5,11.5,0.481,0.6,1.8,0.303,5,0.514,1,1.3,0.826,1.1,3.9,5,7.2,1.6,0.6,1.6,2.9,12.6
"268","Taj Gibson",81,232,946,-1.72386773271313,0.777356333358884,-0.94651139935425,"C",36,"NYK",52,4,946,3.3,6.3,0.518,0.6,1.4,0.395,2.7,0.555,1.6,2,0.808,3.3,5.4,8.7,1.2,0.8,1.5,1,5.2,8.7
"269","Taurean Prince",78,218,1189,-0.868090117728558,0.12158304899718,-0.746507068731378,"PF",27,"MIN",69,8,1177,5.4,11.9,0.454,2.6,7,0.376,2.8,0.565,1.9,2.5,0.756,0.8,4.5,5.3,2.1,1.4,0.7,1.6,3.5,15.4
"270","Terance Mann",77,215,2317,-0.118449270417658,0.588421309296348,0.46997203887869,"SF",25,"LAC",81,33,2317,5.2,10.7,0.484,1.2,3.2,0.365,4,0.535,2,2.5,0.78,1.6,5,6.6,3.2,0.9,0.3,1.3,2.8,13.5
"271","Terry Taylor",77,230,714,1.14401926938128,-3.08195805496661,-1.93793878558533,"SG",22,"IND",33,7,714,6.8,11.1,0.614,0.6,1.9,0.316,6.2,0.676,1.8,2.6,0.706,4.8,3.9,8.7,2.1,0.7,0.4,1.2,3.1,16
"272","Thaddeus Young",80,235,859,-0.674043561419687,0.648846490774241,-0.0251970706454458,"PF",33,"TOT",52,1,845,6,11.6,0.518,0.7,2,0.354,5.3,0.554,1,2.1,0.469,3.4,5.5,8.9,4.4,2.3,0.8,2.2,3.5,13.7
"273","Thanasis Antetokounmpo",78,219,473,-3.06080052089243,-0.668517917163844,-3.72931843805627,"SF",29,"MIL",48,6,473,5.3,9.7,0.547,0.2,1.1,0.143,5.2,0.596,2.2,3.5,0.63,3,4.6,7.7,1.7,1.2,0.9,2,5.2,13
"274","Theo Pinson",77,212,148,-2.60373062875079,0.893995131845315,-1.70973549690547,"SF",26,"DAL",19,0,148,3.4,9.5,0.359,2.4,7.3,0.333,1,0.444,2.4,2.4,1,0.5,4.6,5.1,4.1,1.2,0.5,1.2,2.9,11.7
"275","Tim Frazier",72,170,208,-6.00893412805801,1.03036867931095,-4.97856544874706,"PG",31,"TOT",12,3,208,2.4,7.8,0.311,1,2.9,0.353,1.4,0.286,0.9,1.6,0.556,0.9,2.4,3.3,5.9,0.5,0.2,2.6,4.7,6.8
"276","Trae Young",73,164,2680,7.40646123486311,-3.14635543260973,4.26010580225338,"PG",23,"ATL",76,76,2652,9.7,21,0.46,3.2,8.3,0.382,6.5,0.512,6.8,7.5,0.904,0.7,3.2,3.9,10,1,0.1,4.1,1.7,29.3
"277","Trayvon Palmer",78,200,17,-7.66266408128425,-32.1340907998515,-39.7967548811357,"SG",27,"DET",1,0,17,0,2.1,0,0,0,NA,0,0,0,0,NA,0,4.2,4.2,0,0,0,2.1,4.2,0
"278","Tre Jones",73,185,1148,0.311856127819462,1.72093555043227,2.03279167825173,"PG",22,"SAS",69,11,1148,5.2,10.6,0.49,0.3,1.6,0.196,4.9,0.542,2.2,2.9,0.78,0.9,4,4.9,7.3,1.3,0.2,1.4,2.4,13
"279","Tre Mann",75,178,1367,-2.22438484884095,-1.28867834037063,-3.51306318921158,"PG",20,"OKC",60,26,1367,6.1,15.5,0.393,2.6,7.2,0.36,3.5,0.421,1.7,2.2,0.793,0.7,3.8,4.5,2.4,1.2,0.3,1.9,2.7,16.5
"280","Tremont Waters",70,175,50,-6.53177219452566,-6.49548549218732,-13.027257686713,"PG",24,"TOT",3,0,50,2.9,10.1,0.286,1.4,6.5,0.222,1.4,0.4,0,0,NA,0,2.9,2.9,5,3.6,0,2.9,2.9,7.2
"281","Trendon Watford",80,237,869,-2.73200609414157,-4.59773104186574,-7.32973713600731,"SF",21,"POR",48,10,869,5.9,11.1,0.532,0.4,1.6,0.237,5.5,0.581,2.9,3.9,0.755,2.4,5.9,8.2,3.4,1,1.2,1.8,4.8,15.1
"282","Trevelin Queen",78,190,74,2.37677748995832,-1.10142170647222,1.2753557834861,"SG",24,"HOU",10,0,74,7.3,16.1,0.455,4.4,11.7,0.375,2.9,0.667,1.9,1.9,1,3.4,4.4,7.8,1.9,2.4,0.5,3.4,2.9,20.9
"283","Trevor Ariza",80,215,462,-4.00972035818978,-0.448039170604661,-4.45775952879444,"SF",36,"LAL",24,11,462,2.6,7.7,0.333,1.6,5.8,0.27,1,0.52,0.8,1.4,0.556,0.8,5.6,6.4,2.1,1,0.5,0.9,1.6,7.5
"284","Trey Lyles",81,234,1537,-0.464665809175276,-1.71656644332468,-2.18123225249995,"PF",26,"TOT",75,23,1537,6.1,13.2,0.466,1.6,4.9,0.321,4.6,0.552,4.6,5.7,0.802,2.1,6.8,8.9,2.1,0.7,0.7,1.7,2.9,18.4
"285","Tristan Thompson",81,254,904,-0.766327969505558,-0.857501693172539,-1.6238296626781,"PF",30,"TOT",57,6,897,5.7,10.7,0.528,0,0.1,0.333,5.6,0.53,2.4,4.7,0.526,4.8,6.7,11.6,1.4,0.9,0.8,1.8,3.9,13.8
"286","Ty Jerome",77,195,801,-0.959905998264893,0.403929741438869,-0.555976256826024,"SG",24,"OKC",48,4,801,5.6,14.7,0.378,2.4,8.4,0.29,3.1,0.493,1.7,2.1,0.809,0.9,2.7,3.5,4.9,1.3,0.2,1.7,3.3,15.3
"287","Tyler Johnson",75,186,91,-3.36434981330572,0.514257086870972,-2.85009272643475,"PG",29,"TOT",6,0,91,2.4,7.9,0.3,2,5.1,0.385,0.4,0.143,0,0,NA,1.2,3.6,4.7,2.8,1.2,1.2,0.8,2.8,6.7
"288","Tyrell Terry",74,160,3,7.4788069850116,-23.1577411731552,-15.6789341881436,"PG",21,"MEM",2,0,3,12,12,1,0,0,NA,12,1,0,0,NA,0,0,0,0,0,0,0,12,24
"289","Tyrese Maxey",74,200,2729,1.75597123215825,-1.46204886760984,0.293922364548409,"PG",21,"PHI",75,74,2650,6.6,13.5,0.485,1.8,4.2,0.427,4.8,0.512,2.9,3.3,0.866,0.4,2.9,3.3,4.4,0.7,0.4,1.2,2.1,17.8
"290","Tyrone Wallace",77,198,75,-5.87090376113587,-1.5363470728418,-7.40725083397767,"SG",27,"NOP",6,0,75,3.4,9.6,0.35,1,3.8,0.25,2.4,0.417,0.5,2.4,0.2,0,3.8,3.8,0.5,1.4,0.5,1,3.4,8.2
"291","Tyus Jones",72,196,1565,1.54295881440275,-0.37751488235123,1.16544393205151,"PG",25,"MEM",73,23,1549,5.8,12.8,0.451,1.9,4.8,0.39,3.9,0.487,1.3,1.5,0.818,0.4,3.7,4.1,7.5,1.5,0,1.1,0.7,14.7
"292","Udoka Azubuike",84,270,195,-4.90435554431516,3.19704919224425,-1.7073063520709,"C",22,"UTA",17,6,195,6.8,9,0.755,0,0,NA,6.8,0.755,1.1,2,0.545,3.3,9.8,13.1,0,0.2,2,2.2,4.6,14.8
"293","Usman Garuba",80,229,239,-1.29659930774515,-1.0297708098407,-2.32637011758585,"PF",19,"HOU",24,2,239,2.9,6.6,0.432,0.8,3,0.25,2.1,0.583,0.8,1.1,0.714,3.2,9.3,12.5,2.6,1.5,1.7,0.9,4.2,7.2
"294","Victor Oladipo",76,213,173,0.0569019010273873,1.38070141558463,1.43760331661202,"SG",29,"MIA",8,1,173,7.3,15.2,0.479,3.1,7.5,0.417,4.2,0.541,2.9,4,0.737,0.6,4.2,4.8,5.8,1,0.2,3.3,2.7,20.6
"295","Vit Krejci",80,195,690,-2.92851035658085,-2.96251905843732,-5.89102941501817,"SG",21,"OKC",30,8,690,3.5,8.7,0.407,1.7,5.1,0.327,1.9,0.522,1,1.1,0.864,0.9,4.3,5.3,3,1,0.4,1.5,3.4,9.8
"296","Wayne Selden",76,232,19,-7.78679994173063,-8.02800256946051,-15.8148025111911,"SG",27,"NYK",3,0,19,1.9,7.6,0.25,1.9,3.8,0.5,0,0,3.8,7.6,0.5,0,1.9,1.9,1.9,0,0,0,1.9,9.5
"297","Wenyen Gabriel",81,205,358,0.97091644362883,-2.84887230330601,-1.87795585967718,"PF",24,"TOT",26,5,358,5.4,11.1,0.491,0.8,2.8,0.286,4.6,0.561,2.5,4.2,0.595,3.9,5.8,9.8,1.4,0.5,1.1,1.6,6.8,14.2
"298","Wes Iwundu",78,195,82,-2.05318142415549,-5.51688527709668,-7.57006670125217,"SF",27,"ATL",3,1,82,3.5,7.9,0.444,1.3,2.2,0.6,2.2,0.385,1.3,1.8,0.75,1.3,4.4,5.7,0,0.4,0,0.4,3.5,9.7
"299","Wesley Matthews",76,220,1029,-1.51287759676634,2.9505903047417,1.43771270797536,"SG",35,"MIL",49,14,1002,3.1,7.9,0.395,1.9,5.6,0.338,1.2,0.54,0.8,1,0.786,1.1,2.2,3.3,1.3,0.8,0.3,0.6,3.1,8.9
"300","Will Barton",77,181,2344,-0.460907544701764,-1.13549830667084,-1.59640585137261,"SG",31,"DEN",71,71,2277,6.2,14.2,0.438,2.5,6.8,0.365,3.7,0.504,1.6,2,0.803,0.7,4.7,5.4,4.4,0.9,0.5,2,1.8,16.5
"301","Yuta Watanabe",81,215,450,-2.9064831457037,-0.875371281650008,-3.7818544273537,"SF",27,"TOR",38,4,445,4.5,11.2,0.406,2.2,6.4,0.342,2.3,0.492,1.9,3.2,0.6,1.5,6,7.4,1.7,0.9,1.3,1.5,3.1,13.2
"302","Yves Pons",77,206,71,-6.2350355909322,-0.633857561854715,-6.86889315278691,"SF",22,"MEM",12,0,71,2.5,8.1,0.313,1.5,4.6,0.333,1,0.286,0,1,0,2.5,3.5,6.1,0.5,0.5,2,0.5,3,6.6
"303","Zach LaVine",77,200,2365,2.51083790347869,-2.4816876283539,0.0291502751247891,"SF",26,"CHI",67,67,2328,8.7,18.3,0.476,2.9,7.3,0.389,5.9,0.534,4.9,5.8,0.853,0.3,4.4,4.8,4.7,0.6,0.4,2.6,1.9,25.3
"304","Ziaire Williams",81,185,1356,-1.24741619408712,-0.666798308083379,-1.9142145021705,"SF",20,"MEM",62,31,1346,5.1,11.3,0.45,2,6.5,0.314,3.1,0.632,1.2,1.5,0.782,0.7,2.8,3.5,1.7,0.9,0.3,1.1,3,13.4
